timestamp,open,high,low,close,volume
2025-06-29 14:23:00+00:00,108149.99,108149.99,108123.28,108123.28,3.6596
2025-06-29 14:22:00+00:00,108150.01,108150.01,108149.98,108149.99,0.7812
2025-06-29 14:21:00+00:00,108189.01,108189.01,108150.0,108150.0,1.75741
2025-06-29 14:20:00+00:00,108214.21,108214.21,108189.0,108189.01,2.54836
2025-06-29 14:19:00+00:00,108200.82,108214.22,108200.81,108214.22,1.08473
2025-06-29 14:18:00+00:00,108189.82,108200.82,108189.82,108200.81,0.89911
2025-06-29 14:17:00+00:00,108215.12,108215.12,108161.0,108189.83,6.47175
2025-06-29 14:16:00+00:00,108215.12,108215.12,108215.11,108215.12,3.4801
2025-06-29 14:15:00+00:00,108207.59,108215.12,108207.59,108215.11,1.66043
2025-06-29 14:14:00+00:00,108207.59,108207.6,108207.59,108207.59,3.2431
2025-06-29 14:13:00+00:00,108186.99,108207.6,108186.99,108207.59,4.9803
2025-06-29 14:12:00+00:00,108149.98,108187.0,108149.98,108186.99,4.10337
2025-06-29 14:11:00+00:00,108149.98,108149.99,108149.98,108149.98,0.57574
2025-06-29 14:10:00+00:00,108150.0,108150.0,108143.0,108149.99,4.28688
2025-06-29 14:09:00+00:00,108119.99,108150.0,108119.99,108149.99,3.01084
2025-06-29 14:08:00+00:00,108074.18,108120.0,108074.17,108119.99,2.50354
2025-06-29 14:07:00+00:00,108074.17,108074.18,108074.17,108074.18,0.78942
2025-06-29 14:06:00+00:00,108074.17,108074.18,108074.17,108074.17,0.56056
2025-06-29 14:05:00+00:00,108063.39,108074.18,108063.39,108074.17,3.3711
2025-06-29 14:04:00+00:00,108063.38,108063.39,108063.38,108063.38,2.37582
2025-06-29 14:03:00+00:00,108063.39,108063.39,108063.38,108063.38,0.66976
2025-06-29 14:02:00+00:00,108066.42,108066.42,108063.38,108063.39,0.76092
2025-06-29 14:01:00+00:00,108066.41,108066.42,108066.41,108066.42,0.74859
2025-06-29 14:00:00+00:00,108051.53,108069.19,108051.52,108066.42,7.37788
2025-06-29 13:59:00+00:00,108051.53,108051.53,108051.52,108051.52,2.47674
2025-06-29 13:58:00+00:00,108060.41,108060.41,108051.52,108051.53,7.92907
2025-06-29 13:57:00+00:00,108053.98,108060.42,108053.98,108060.42,2.10773
2025-06-29 13:56:00+00:00,108053.98,108053.99,108053.98,108053.99,1.0587
2025-06-29 13:55:00+00:00,108053.99,108053.99,108053.98,108053.99,1.23384
2025-06-29 13:54:00+00:00,108053.98,108053.99,108053.98,108053.98,0.92788
2025-06-29 13:53:00+00:00,108053.99,108053.99,108053.98,108053.98,1.86492
2025-06-29 13:52:00+00:00,108078.69,108078.7,108053.98,108053.98,4.19698
2025-06-29 13:51:00+00:00,108092.05,108092.05,108044.81,108078.7,4.0318
2025-06-29 13:50:00+00:00,108040.57,108097.45,108040.56,108092.04,5.72558
2025-06-29 13:49:00+00:00,108040.01,108064.73,108036.21,108040.56,2.77334
2025-06-29 13:48:00+00:00,108105.51,108105.51,108040.0,108040.01,1.62525
2025-06-29 13:47:00+00:00,108183.81,108183.81,108105.5,108105.5,4.07998
2025-06-29 13:14:00+00:00,108127.04,108145.0,108127.04,108145.0,2.45833
2025-06-29 13:13:00+00:00,108127.05,108127.05,108127.04,108127.05,0.53702
2025-06-29 13:12:00+00:00,108165.22,108165.22,108127.03,108127.04,21.29177
2025-06-29 13:11:00+00:00,108165.22,108165.22,108165.21,108165.21,0.5878
2025-06-29 13:10:00+00:00,108146.65,108165.22,108134.5,108165.21,10.74219
2025-06-29 13:09:00+00:00,108140.74,108146.65,108140.73,108146.64,2.1903
2025-06-29 13:08:00+00:00,108180.97,108180.98,108140.73,108140.73,5.66198
2025-06-29 13:07:00+00:00,108195.5,108195.5,108180.97,108180.98,1.85284
2025-06-29 13:06:00+00:00,108189.88,108195.5,108189.87,108195.49,0.57858
2025-06-29 13:05:00+00:00,108228.28,108228.28,108189.87,108189.87,3.58604
2025-06-29 13:04:00+00:00,108228.0,108228.28,108227.99,108228.27,4.83701
2025-06-29 13:03:00+00:00,108228.0,108228.0,108227.99,108227.99,1.42636
2025-06-29 13:02:00+00:00,108212.24,108228.0,108212.23,108227.99,2.58356
2025-06-29 13:01:00+00:00,108212.23,108212.24,108203.09,108212.24,3.81051
2025-06-29 13:00:00+00:00,108189.88,108222.88,108189.87,108212.23,21.99499
2025-06-29 12:58:00+00:00,108189.87,108189.88,108189.87,108189.88,0.74539
2025-06-29 12:57:00+00:00,108159.01,108189.88,108159.0,108189.87,1.5711
2025-06-29 12:56:00+00:00,108157.22,108159.01,108157.21,108159.01,4.51805
2025-06-29 12:55:00+00:00,108146.69,108157.22,108146.69,108157.21,2.23398
2025-06-29 12:54:00+00:00,108146.69,108146.7,108146.69,108146.69,1.5749
2025-06-29 12:53:00+00:00,108134.51,108146.7,108134.5,108146.7,2.12613
2025-06-29 12:52:00+00:00,108116.46,108134.51,108116.45,108134.51,2.17168
2025-06-29 12:51:00+00:00,108125.78,108125.78,108116.45,108116.45,2.1651
2025-06-29 12:50:00+00:00,108125.77,108125.78,108125.77,108125.77,0.90716
2025-06-29 12:49:00+00:00,108125.89,108125.89,108101.99,108125.77,1.93997
2025-06-29 12:48:00+00:00,108110.0,108138.45,108110.0,108125.89,2.38607
2025-06-29 12:47:00+00:00,108133.99,108133.99,108088.53,108109.99,6.06105
2025-06-29 12:46:00+00:00,108114.25,108134.0,108114.25,108133.99,3.34222
2025-06-29 12:45:00+00:00,108034.5,108114.26,108034.5,108114.25,6.62878
2025-06-29 12:44:00+00:00,108128.8,108128.8,108033.0,108034.5,18.13012
2025-06-29 12:43:00+00:00,108163.8,108163.81,108128.8,108128.8,1.90637
2025-06-29 12:42:00+00:00,108165.22,108165.22,108163.8,108163.8,2.41754
2025-06-29 12:41:00+00:00,108174.04,108174.05,108165.21,108165.21,2.02434
2025-06-29 12:40:00+00:00,108177.0,108177.01,108174.04,108174.04,5.31946
2025-06-29 12:39:00+00:00,108212.13,108212.14,108176.5,108177.0,3.55762
2025-06-29 12:38:00+00:00,108228.28,108228.28,108212.13,108212.14,4.9027
2025-06-29 12:37:00+00:00,108228.27,108228.28,108228.27,108228.28,2.60504
2025-06-29 12:36:00+00:00,108222.72,108228.28,108222.71,108228.27,2.76762
2025-06-29 12:35:00+00:00,108207.61,108222.72,108207.6,108222.72,1.82626
2025-06-29 12:34:00+00:00,108222.3,108222.3,108206.01,108207.6,5.71577
2025-06-29 12:33:00+00:00,108202.88,108222.3,108202.87,108222.29,4.7762
2025-06-29 12:32:00+00:00,108227.09,108227.1,108202.87,108202.88,2.43632
2025-06-29 12:31:00+00:00,108227.1,108227.1,108227.09,108227.09,1.11388
2025-06-29 12:30:00+00:00,108207.79,108227.1,108207.79,108227.09,3.21754
2025-06-29 12:29:00+00:00,108227.1,108227.11,108207.79,108207.79,2.25783
2025-06-29 12:28:00+00:00,108252.04,108252.04,108205.45,108227.1,4.26593
2025-06-29 12:27:00+00:00,108288.23,108288.24,108252.04,108252.04,3.49539
2025-06-29 12:26:00+00:00,108274.37,108288.24,108274.37,108288.24,0.93817
2025-06-29 12:25:00+00:00,108288.14,108288.14,108259.36,108274.38,1.88653
2025-06-29 12:24:00+00:00,108299.59,108299.6,108288.13,108288.13,2.59742
2025-06-29 12:23:00+00:00,108270.91,108305.81,108270.9,108299.6,2.96126
2025-06-29 12:22:00+00:00,108290.12,108290.13,108270.9,108270.9,9.0825
2025-06-29 12:21:00+00:00,108254.3,108300.0,108254.3,108290.12,6.08488
2025-06-29 12:20:00+00:00,108254.31,108254.31,108254.3,108254.31,0.79179
2025-06-29 12:19:00+00:00,108207.61,108254.31,108207.6,108254.31,3.53704
2025-06-29 12:18:00+00:00,108216.02,108221.21,108207.6,108207.61,2.24522
2025-06-29 12:17:00+00:00,108206.72,108257.08,108206.71,108216.01,8.03129
2025-06-29 12:16:00+00:00,108184.06,108206.72,108184.06,108206.72,5.4016
2025-06-29 12:15:00+00:00,108176.42,108184.07,108176.42,108184.06,1.9756
2025-06-29 12:14:00+00:00,108184.06,108184.07,108176.42,108176.43,5.29679
2025-06-29 12:13:00+00:00,108169.67,108184.07,108169.66,108184.07,3.78523
2025-06-29 12:12:00+00:00,108174.05,108174.05,108165.68,108169.66,5.48356
2025-06-29 12:11:00+00:00,108227.03,108227.03,108174.04,108174.04,4.66449
2025-06-29 12:10:00+00:00,108250.0,108250.01,108150.0,108227.02,21.27842
2025-06-29 12:09:00+00:00,108281.72,108281.72,108250.0,108250.0,3.68784
2025-06-29 12:08:00+00:00,108283.0,108291.61,108281.71,108281.71,3.96493
2025-06-29 12:07:00+00:00,108290.54,108290.54,108266.0,108282.99,6.98419
2025-06-29 12:06:00+00:00,108360.01,108360.01,108286.17,108290.54,15.28093
2025-06-29 12:05:00+00:00,108409.99,108410.0,108360.0,108360.01,7.97134
2025-06-29 12:04:00+00:00,108419.56,108419.56,108377.17,108410.0,17.82228
2025-06-29 12:03:00+00:00,108469.08,108469.09,108419.5,108419.56,6.83335
2025-06-29 12:02:00+00:00,108466.39,108469.09,108443.47,108469.08,4.90539
2025-06-29 12:01:00+00:00,108458.43,108469.1,108425.01,108466.38,13.29631
2025-06-29 12:00:00+00:00,108477.12,108528.5,108445.92,108458.42,93.13022
2025-06-29 11:59:00+00:00,108432.83,108480.9,108427.63,108477.11,11.24241
2025-06-29 11:57:00+00:00,108461.94,108461.95,108429.06,108437.2,13.21679
2025-06-29 11:56:00+00:00,108422.64,108461.95,108408.65,108461.95,17.50589
2025-06-29 11:55:00+00:00,108425.01,108450.88,108406.96,108422.63,16.52453
2025-06-29 11:54:00+00:00,108275.28,108484.0,108275.28,108425.0,102.85878
2025-06-29 11:53:00+00:00,108275.27,108275.28,108275.27,108275.27,2.32241
2025-06-29 11:52:00+00:00,108256.93,108275.28,108256.93,108275.27,3.9388
2025-06-29 11:51:00+00:00,108243.6,108256.94,108243.6,108256.94,2.51078
2025-06-29 11:50:00+00:00,108246.67,108246.67,108219.16,108243.61,5.31941
2025-06-29 11:49:00+00:00,108246.66,108246.67,108246.66,108246.66,1.22348
2025-06-29 11:48:00+00:00,108256.94,108256.94,108246.66,108246.66,6.09276
2025-06-29 11:47:00+00:00,108274.72,108274.73,108256.93,108256.94,8.89447
2025-06-29 11:46:00+00:00,108243.38,108278.24,108243.38,108274.72,6.85214
2025-06-29 11:45:00+00:00,108196.0,108243.38,108195.99,108243.37,11.98736
2025-06-29 11:44:00+00:00,108196.0,108196.0,108195.99,108196.0,1.07847
2025-06-29 11:43:00+00:00,108196.0,108196.0,108195.99,108196.0,0.45573
2025-06-29 11:42:00+00:00,108196.0,108196.0,108195.99,108195.99,1.27688
2025-06-29 11:41:00+00:00,108180.01,108196.0,108180.0,108196.0,7.41574
2025-06-29 11:40:00+00:00,108194.0,108194.01,108180.0,108180.01,2.85242
2025-06-29 11:39:00+00:00,108227.07,108227.07,108194.0,108194.0,8.93832
2025-06-29 11:38:00+00:00,108220.0,108227.07,108219.99,108227.07,6.65798
2025-06-29 11:37:00+00:00,108160.09,108220.0,108160.09,108220.0,10.79316
2025-06-29 11:36:00+00:00,108160.1,108160.1,108160.09,108160.09,5.67011
2025-06-29 11:35:00+00:00,108159.99,108160.1,108159.99,108160.1,7.34437
2025-06-29 11:34:00+00:00,108160.0,108160.0,108159.99,108160.0,3.22327
2025-06-29 11:33:00+00:00,108151.52,108160.0,108151.51,108159.99,9.80604
2025-06-29 11:32:00+00:00,108151.51,108151.52,108151.51,108151.51,0.93918
2025-06-29 11:31:00+00:00,108151.51,108151.52,108151.51,108151.51,2.80161
2025-06-29 11:30:00+00:00,108151.51,108151.52,108151.51,108151.51,1.07098
2025-06-29 11:29:00+00:00,108151.51,108151.52,108151.51,108151.52,1.24669
2025-06-29 11:28:00+00:00,108151.51,108151.52,108151.51,108151.52,2.54687
2025-06-29 11:27:00+00:00,108132.99,108157.02,108132.99,108151.51,7.71429
2025-06-29 11:26:00+00:00,108132.99,108133.0,108132.99,108132.99,2.72856
2025-06-29 11:25:00+00:00,108134.11,108134.11,108120.0,108133.0,4.23614
2025-06-29 11:24:00+00:00,108179.61,108179.62,108134.1,108134.1,9.29125
2025-06-29 11:23:00+00:00,108152.62,108179.62,108152.62,108179.62,10.97717
2025-06-29 11:22:00+00:00,108146.0,108152.62,108145.99,108152.62,5.88457
2025-06-29 11:21:00+00:00,108145.99,108146.0,108145.99,108145.99,6.24695
2025-06-29 11:20:00+00:00,108145.99,108146.0,108145.99,108146.0,3.80921
2025-06-29 11:19:00+00:00,108129.63,108146.0,108129.63,108146.0,2.73763
2025-06-29 11:18:00+00:00,108129.64,108129.64,108129.63,108129.63,1.64799
2025-06-29 11:17:00+00:00,108111.82,108138.52,108096.56,108129.63,21.23001
2025-06-29 11:16:00+00:00,108114.07,108114.07,108111.82,108111.83,1.86669
2025-06-29 11:15:00+00:00,108111.83,108114.07,108111.82,108114.07,4.93026
2025-06-29 11:14:00+00:00,108123.2,108123.21,108111.82,108111.83,7.36112
2025-06-29 11:13:00+00:00,108123.2,108123.21,108123.2,108123.2,0.75161
2025-06-29 11:12:00+00:00,108125.5,108125.5,108123.2,108123.2,1.60807
2025-06-29 11:11:00+00:00,108152.63,108152.63,108125.49,108125.49,8.66146
2025-06-29 11:10:00+00:00,108152.62,108152.63,108152.62,108152.62,5.10762
2025-06-29 11:09:00+00:00,108123.18,108152.63,108123.18,108152.62,11.37888
2025-06-29 11:08:00+00:00,108134.0,108134.0,108123.18,108123.18,3.68965
2025-06-29 11:07:00+00:00,108134.0,108134.0,108133.99,108134.0,2.55351
2025-06-29 11:06:00+00:00,108146.51,108146.51,108133.99,108133.99,10.94693
2025-06-29 11:05:00+00:00,108170.93,108170.93,108146.5,108146.51,7.17726
2025-06-29 11:04:00+00:00,108170.93,108170.93,108170.92,108170.92,2.39952
2025-06-29 11:03:00+00:00,108165.51,108170.93,108165.5,108170.92,2.80096
2025-06-29 11:02:00+00:00,108188.99,108191.19,108165.5,108165.5,8.1288
2025-06-29 11:01:00+00:00,108165.21,108189.0,108165.2,108189.0,6.50644
2025-06-29 11:00:00+00:00,108153.25,108165.21,108153.25,108165.2,2.41511
2025-06-29 10:59:00+00:00,108155.0,108173.47,108146.5,108153.26,7.27006
2025-06-29 10:58:00+00:00,108151.17,108155.0,108151.17,108155.0,3.8946
2025-06-29 10:57:00+00:00,108116.52,108151.18,108116.52,108151.17,3.4102
2025-06-29 10:56:00+00:00,108160.6,108160.61,108116.37,108116.53,10.72059
2025-06-29 10:55:00+00:00,108170.94,108170.94,108160.6,108160.6,7.68902
2025-06-29 10:54:00+00:00,108198.43,108198.44,108170.93,108170.93,5.84647
2025-06-29 10:53:00+00:00,108119.84,108234.5,108119.83,108198.43,27.90915
2025-06-29 10:52:00+00:00,108121.46,108121.46,108116.37,108119.84,7.31537
2025-06-29 10:51:00+00:00,108121.45,108121.46,108121.45,108121.45,4.16753
2025-06-29 10:50:00+00:00,108121.45,108121.46,108121.45,108121.46,3.96877
2025-06-29 10:49:00+00:00,108049.62,108121.46,108049.61,108121.46,15.73967
2025-06-29 10:48:00+00:00,108008.3,108049.62,108008.3,108049.62,4.26787
2025-06-29 10:47:00+00:00,108042.08,108043.18,108008.3,108008.3,3.68164
2025-06-29 10:46:00+00:00,107896.54,108071.22,107896.53,108042.09,31.90654
2025-06-29 10:45:00+00:00,108000.0,108000.0,107849.61,107896.53,23.87881
2025-06-29 10:44:00+00:00,108012.43,108012.43,108000.0,108000.01,20.38427
2025-06-29 10:43:00+00:00,108012.43,108012.43,108012.42,108012.43,7.73409
2025-06-29 10:42:00+00:00,108010.99,108012.43,108010.98,108012.42,6.89196
2025-06-29 10:41:00+00:00,108010.99,108010.99,108010.98,108010.99,8.06586
2025-06-29 10:40:00+00:00,108016.19,108016.2,108010.98,108010.99,6.95568
2025-06-29 10:39:00+00:00,108015.99,108016.2,108015.98,108016.19,7.1716
2025-06-29 10:38:00+00:00,108040.31,108040.32,108015.98,108015.99,9.7343
2025-06-29 10:37:00+00:00,108046.83,108046.83,108040.31,108040.31,8.29969
2025-06-29 10:36:00+00:00,108092.38,108092.38,108013.36,108046.82,15.42712
2025-06-29 10:35:00+00:00,108092.38,108092.38,108092.37,108092.38,5.59675
2025-06-29 10:34:00+00:00,108118.88,108118.89,108092.37,108092.37,4.67714
2025-06-29 10:33:00+00:00,108081.34,108118.89,108081.34,108118.88,5.10457
2025-06-29 10:32:00+00:00,108103.18,108103.19,108081.34,108081.34,2.68757
2025-06-29 10:31:00+00:00,108118.0,108118.0,108080.43,108103.18,8.72368
2025-06-29 10:30:00+00:00,108138.54,108172.15,108117.71,108117.99,6.78225
2025-06-29 10:29:00+00:00,108139.64,108139.64,108138.54,108138.55,5.02059
2025-06-29 10:28:00+00:00,108213.16,108213.16,108139.63,108139.64,8.84997
2025-06-29 10:27:00+00:00,108237.14,108237.15,108212.5,108213.15,13.44017
2025-06-29 10:26:00+00:00,108267.99,108277.25,108236.05,108237.15,5.85952
2025-06-29 10:25:00+00:00,108282.95,108297.89,108265.34,108267.99,18.01655
2025-06-29 10:24:00+00:00,108243.87,108282.96,108236.05,108282.96,15.69691
2025-06-29 10:23:00+00:00,108228.04,108250.0,108228.03,108243.87,9.29506
2025-06-29 10:22:00+00:00,108228.04,108228.04,108228.03,108228.04,2.67511
2025-06-29 10:21:00+00:00,108199.99,108230.96,108199.99,108228.03,24.89827
2025-06-29 10:20:00+00:00,108185.6,108200.0,108170.51,108200.0,27.16681
2025-06-29 10:19:00+00:00,108122.39,108185.61,108122.39,108185.6,16.03975
2025-06-29 10:18:00+00:00,108145.58,108145.58,108122.39,108122.39,6.59629
2025-06-29 10:17:00+00:00,108081.43,108145.58,108081.42,108145.57,13.15223
2025-06-29 10:16:00+00:00,108135.65,108135.65,108081.42,108081.42,19.44125
2025-06-29 10:14:00+00:00,108170.0,108176.27,108153.95,108153.96,7.85472
2025-06-29 10:13:00+00:00,108163.18,108174.83,108163.18,108170.0,5.0034
2025-06-29 10:12:00+00:00,108153.23,108163.18,108141.69,108163.17,11.03363
2025-06-29 10:11:00+00:00,108174.09,108174.1,108138.0,108153.23,9.29329
2025-06-29 10:10:00+00:00,108159.18,108174.1,108159.18,108174.1,17.89132
2025-06-29 10:09:00+00:00,108139.45,108159.18,108131.5,108158.63,14.20919
2025-06-29 10:08:00+00:00,108105.0,108159.18,108104.99,108139.45,27.7024
2025-06-29 10:07:00+00:00,108079.47,108105.0,108079.47,108105.0,17.14459
2025-06-29 10:06:00+00:00,108067.64,108079.48,108067.64,108079.47,6.33275
2025-06-29 10:05:00+00:00,108000.0,108093.61,107999.99,108067.64,96.86699
2025-06-29 10:04:00+00:00,107998.31,108000.0,107997.02,108000.0,45.70586
2025-06-29 10:01:00+00:00,107953.21,107953.21,107928.31,107928.32,3.82451
2025-06-29 10:00:00+00:00,107891.64,107953.21,107891.63,107953.2,13.33452
2025-06-29 09:59:00+00:00,107900.0,107900.0,107890.95,107891.64,4.84672
2025-06-29 09:58:00+00:00,107868.48,107900.0,107853.78,107899.99,14.67826
2025-06-29 09:57:00+00:00,107910.87,107910.87,107842.21,107868.47,10.35397
2025-06-29 09:56:00+00:00,107970.0,107970.0,107910.86,107910.87,5.32543
2025-06-29 09:55:00+00:00,107971.8,107972.74,107959.98,107969.99,11.146
2025-06-29 09:52:00+00:00,107937.25,107937.26,107937.25,107937.26,1.14834
2025-06-29 09:51:00+00:00,107966.96,107966.96,107937.25,107937.25,5.02064
2025-06-29 09:50:00+00:00,107966.93,107966.96,107966.92,107966.96,2.13691
2025-06-29 09:49:00+00:00,107966.93,107966.93,107966.92,107966.92,1.81957
2025-06-29 09:48:00+00:00,107956.96,107966.93,107956.96,107966.92,7.36297
2025-06-29 09:47:00+00:00,107956.96,107956.97,107956.96,107956.97,3.17612
2025-06-29 09:46:00+00:00,107931.26,107956.97,107931.26,107956.97,6.39593
2025-06-29 09:45:00+00:00,107925.63,107931.28,107917.0,107931.26,1.54768
2025-06-29 09:44:00+00:00,107933.88,107936.88,107925.63,107925.64,2.10831
2025-06-29 09:43:00+00:00,107933.87,107933.88,107933.87,107933.87,2.42969
2025-06-29 09:42:00+00:00,107907.44,107933.88,107907.44,107933.88,2.48341
2025-06-29 09:41:00+00:00,107907.44,107907.45,107907.44,107907.45,1.27332
2025-06-29 09:40:00+00:00,107910.73,107910.74,107907.44,107907.44,2.72587
2025-06-29 09:39:00+00:00,107915.79,107915.8,107910.73,107910.73,13.33274
2025-06-29 09:38:00+00:00,107949.99,107950.0,107909.14,107915.8,12.10758
2025-06-29 09:37:00+00:00,107919.99,107950.0,107919.99,107949.99,9.43321
2025-06-29 09:36:00+00:00,107887.79,107920.0,107887.79,107920.0,16.9295
2025-06-29 09:35:00+00:00,107908.99,107909.0,107887.79,107887.79,4.79088
2025-06-29 09:34:00+00:00,107914.52,107914.52,107888.54,107908.99,7.48564
2025-06-29 09:33:00+00:00,107808.98,107923.0,107808.98,107914.51,56.3455
2025-06-29 09:32:00+00:00,107805.0,107808.99,107804.99,107808.99,2.12189
2025-06-29 09:31:00+00:00,107804.99,107805.0,107804.99,107804.99,3.07193
2025-06-29 09:30:00+00:00,107796.01,107805.0,107796.0,107804.99,4.64192
2025-06-29 09:29:00+00:00,107779.99,107796.01,107779.99,107796.0,4.56578
2025-06-29 09:28:00+00:00,107767.85,107780.0,107767.85,107779.99,4.04071
2025-06-29 09:27:00+00:00,107783.85,107783.85,107750.25,107767.85,7.11398
2025-06-29 09:26:00+00:00,107790.74,107803.0,107783.84,107783.84,6.14665
2025-06-29 09:25:00+00:00,107804.03,107804.04,107790.73,107790.73,1.78911
2025-06-29 09:24:00+00:00,107790.74,107804.04,107790.73,107804.03,3.18849
2025-06-29 09:23:00+00:00,107790.74,107790.74,107790.73,107790.74,3.20494
2025-06-29 09:22:00+00:00,107804.98,107804.99,107790.73,107790.74,13.44902
2025-06-29 09:21:00+00:00,107804.98,107804.99,107804.98,107804.98,1.13904
2025-06-29 09:20:00+00:00,107804.95,107804.99,107804.95,107804.98,3.38817
2025-06-29 09:19:00+00:00,107804.99,107805.0,107799.91,107804.95,8.17457
2025-06-29 09:18:00+00:00,107799.99,107805.0,107799.99,107804.99,6.65386
2025-06-29 09:17:00+00:00,107777.07,107800.0,107777.06,107800.0,5.47034
2025-06-29 09:16:00+00:00,107741.3,107777.07,107741.3,107777.07,4.99599
2025-06-29 09:15:00+00:00,107733.48,107741.31,107733.48,107741.3,2.8094
2025-06-29 09:14:00+00:00,107733.48,107733.49,107727.32,107733.48,2.76447
2025-06-29 09:13:00+00:00,107709.61,107733.49,107709.61,107733.49,2.92167
2025-06-29 09:12:00+00:00,107709.62,107709.62,107709.61,107709.61,2.65973
2025-06-29 09:11:00+00:00,107709.61,107709.62,107709.61,107709.61,1.76468
2025-06-29 09:10:00+00:00,107680.62,107709.62,107680.62,107709.61,3.04174
2025-06-29 09:09:00+00:00,107680.69,107680.7,107680.62,107680.63,1.26736
2025-06-29 09:08:00+00:00,107648.11,107680.7,107648.11,107680.69,9.432
2025-06-29 09:07:00+00:00,107662.32,107662.32,107627.49,107648.12,3.87781
2025-06-29 09:06:00+00:00,107662.31,107662.32,107662.31,107662.31,5.01354
2025-06-29 09:05:00+00:00,107680.7,107680.71,107662.31,107662.32,1.84577
2025-06-29 09:04:00+00:00,107675.03,107680.71,107675.02,107680.71,2.66038
2025-06-29 09:03:00+00:00,107656.53,107675.03,107656.52,107675.02,1.39412
2025-06-29 09:02:00+00:00,107680.71,107680.71,107646.83,107656.52,6.01675
2025-06-29 09:01:00+00:00,107750.98,107750.98,107680.7,107680.71,10.62638
2025-06-29 09:00:00+00:00,107693.85,107800.0,107693.84,107750.97,61.7842
2025-06-29 08:59:00+00:00,107683.15,107693.85,107683.14,107693.85,2.4938
2025-06-29 08:58:00+00:00,107670.12,107683.15,107670.12,107683.15,4.93569
2025-06-29 08:57:00+00:00,107670.13,107670.13,107670.12,107670.13,2.10686
2025-06-29 08:56:00+00:00,107670.12,107670.13,107670.12,107670.13,2.69426
2025-06-29 08:55:00+00:00,107692.06,107692.07,107670.12,107670.12,2.81962
2025-06-29 08:54:00+00:00,107699.86,107699.87,107692.06,107692.07,1.56165
2025-06-29 08:53:00+00:00,107699.87,107699.88,107699.86,107699.87,3.57374
2025-06-29 08:52:00+00:00,107699.87,107699.88,107699.87,107699.87,11.71861
2025-06-29 08:51:00+00:00,107719.58,107719.58,107699.87,107699.87,4.31834
2025-06-29 08:50:00+00:00,107674.46,107719.58,107674.45,107719.58,5.76626
2025-06-29 08:49:00+00:00,107674.46,107674.46,107674.45,107674.46,4.2836
2025-06-29 08:48:00+00:00,107674.46,107674.46,107674.45,107674.45,2.60235
2025-06-29 08:47:00+00:00,107692.36,107692.36,107674.45,107674.45,4.45641
2025-06-29 08:46:00+00:00,107710.72,107710.73,107692.35,107692.35,4.22695
2025-06-29 08:45:00+00:00,107685.5,107710.73,107685.49,107710.73,2.2677
2025-06-29 08:44:00+00:00,107651.51,107685.5,107651.5,107685.5,4.25044
2025-06-29 08:43:00+00:00,107648.85,107651.51,107648.85,107651.5,2.16157
2025-06-29 08:42:00+00:00,107707.74,107707.75,107648.64,107648.85,10.1493
2025-06-29 08:41:00+00:00,107689.0,107719.58,107688.99,107707.75,14.13893
2025-06-29 08:40:00+00:00,107629.3,107689.0,107629.3,107688.99,19.82761
2025-06-29 08:39:00+00:00,107649.25,107649.8,107629.3,107629.3,21.897
2025-06-29 08:38:00+00:00,107649.26,107649.26,107649.25,107649.26,1.22459
2025-06-29 08:37:00+00:00,107649.25,107649.26,107649.25,107649.25,3.16543
2025-06-29 08:34:00+00:00,107662.6,107662.6,107611.13,107627.72,10.08573
2025-06-29 08:33:00+00:00,107626.01,107679.81,107605.0,107662.59,20.96128
2025-06-29 08:32:00+00:00,107607.42,107626.02,107605.26,107626.02,14.77823
2025-06-29 08:31:00+00:00,107449.33,107607.42,107449.32,107607.42,49.39467
2025-06-29 08:30:00+00:00,107449.33,107449.33,107449.32,107449.32,1.00366
2025-06-29 08:29:00+00:00,107449.32,107449.33,107449.32,107449.33,0.75876
2025-06-29 08:28:00+00:00,107449.32,107449.33,107449.32,107449.33,0.69163
2025-06-29 08:27:00+00:00,107449.33,107449.33,107449.32,107449.32,0.9268
2025-06-29 08:26:00+00:00,107449.33,107449.33,107449.32,107449.33,2.02441
2025-06-29 08:25:00+00:00,107449.32,107449.33,107449.32,107449.32,0.72976
2025-06-29 08:24:00+00:00,107437.88,107449.33,107437.88,107449.32,2.20644
2025-06-29 08:23:00+00:00,107426.65,107437.89,107426.65,107437.88,2.03301
2025-06-29 08:22:00+00:00,107426.66,107426.66,107426.65,107426.66,0.33288
2025-06-29 08:21:00+00:00,107426.65,107426.66,107426.65,107426.65,1.0247
2025-06-29 08:20:00+00:00,107426.66,107426.66,107426.65,107426.66,0.75631
2025-06-29 08:19:00+00:00,107449.32,107449.33,107426.65,107426.66,2.65558
2025-06-29 08:18:00+00:00,107449.32,107449.33,107449.32,107449.32,1.14572
2025-06-29 08:17:00+00:00,107449.32,107449.33,107449.32,107449.33,1.09605
2025-06-29 08:16:00+00:00,107449.32,107449.33,107449.32,107449.32,0.64406
2025-06-29 08:15:00+00:00,107449.32,107449.33,107449.32,107449.32,1.49805
2025-06-29 08:14:00+00:00,107449.32,107449.33,107449.32,107449.33,0.76075
2025-06-29 08:13:00+00:00,107449.32,107449.33,107449.32,107449.33,2.49985
2025-06-29 08:12:00+00:00,107459.99,107460.0,107449.32,107449.32,4.58365
2025-06-29 08:11:00+00:00,107460.0,107460.0,107459.99,107459.99,0.57006
2025-06-29 08:10:00+00:00,107435.01,107460.0,107435.0,107460.0,6.05487
2025-06-29 08:09:00+00:00,107435.0,107435.01,107435.0,107435.0,0.77712
2025-06-29 08:08:00+00:00,107447.02,107447.02,107435.0,107435.0,2.68879
2025-06-29 08:07:00+00:00,107454.74,107454.74,107447.01,107447.01,1.13983
2025-06-29 08:06:00+00:00,107471.26,107471.27,107454.73,107454.73,2.10515
2025-06-29 08:05:00+00:00,107490.99,107492.0,107471.26,107471.26,6.92991
2025-06-29 08:04:00+00:00,107480.5,107491.0,107480.5,107491.0,5.08557
2025-06-29 08:03:00+00:00,107404.87,107480.51,107404.87,107480.5,11.7557
2025-06-29 08:02:00+00:00,107404.86,107404.87,107404.86,107404.86,4.18728
2025-06-29 08:01:00+00:00,107404.87,107404.87,107404.86,107404.87,0.77561
2025-06-29 08:00:00+00:00,107402.17,107404.87,107402.17,107404.86,3.56963
2025-06-29 07:59:00+00:00,107357.19,107402.18,107357.18,107402.18,6.78076
2025-06-29 07:58:00+00:00,107357.19,107357.19,107357.18,107357.18,0.7002
2025-06-29 07:57:00+00:00,107340.39,107357.19,107340.38,107357.19,4.72066
2025-06-29 07:56:00+00:00,107340.39,107340.39,107340.38,107340.38,0.77162
2025-06-29 07:55:00+00:00,107340.38,107340.39,107340.38,107340.38,0.28016
2025-06-29 07:54:00+00:00,107340.39,107340.39,107340.38,107340.39,1.25975
2025-06-29 07:53:00+00:00,107330.04,107340.39,107330.03,107340.38,5.43619
2025-06-29 07:52:00+00:00,107330.01,107330.04,107330.0,107330.04,8.10065
2025-06-29 07:51:00+00:00,107330.01,107330.01,107330.0,107330.0,1.06702
2025-06-29 07:50:00+00:00,107330.01,107330.01,107330.0,107330.0,0.87808
2025-06-29 07:49:00+00:00,107330.01,107330.01,107330.0,107330.01,2.98004
2025-06-29 07:48:00+00:00,107330.01,107330.01,107330.0,107330.0,0.86886
2025-06-29 07:47:00+00:00,107330.01,107330.01,107330.0,107330.0,0.4704
2025-06-29 07:46:00+00:00,107330.01,107330.01,107330.0,107330.0,1.57414
2025-06-29 07:45:00+00:00,107330.01,107330.01,107330.0,107330.0,0.38741
2025-06-29 07:44:00+00:00,107330.01,107330.01,107330.0,107330.01,1.28702
2025-06-29 07:43:00+00:00,107330.01,107330.01,107330.0,107330.01,0.30828
2025-06-29 07:42:00+00:00,107330.01,107330.01,107330.0,107330.0,1.16416
2025-06-29 07:41:00+00:00,107330.01,107330.01,107330.0,107330.0,0.44664
2025-06-29 07:40:00+00:00,107330.01,107330.01,107330.0,107330.0,2.87812
2025-06-29 07:39:00+00:00,107330.01,107330.01,107330.0,107330.0,0.24718
2025-06-29 07:38:00+00:00,107330.01,107330.01,107330.0,107330.01,0.62707
2025-06-29 07:37:00+00:00,107336.59,107336.59,107330.0,107330.0,1.68682
2025-06-29 07:36:00+00:00,107344.0,107344.0,107336.58,107336.58,4.38508
2025-06-29 07:35:00+00:00,107344.0,107344.0,107343.99,107344.0,0.46097
2025-06-29 07:34:00+00:00,107343.99,107344.0,107343.99,107343.99,0.30518
2025-06-29 07:33:00+00:00,107343.99,107344.0,107343.99,107343.99,0.59634
2025-06-29 07:32:00+00:00,107343.99,107344.0,107343.99,107344.0,0.2865
2025-06-29 07:31:00+00:00,107344.0,107344.0,107343.99,107344.0,0.4582
2025-06-29 07:30:00+00:00,107344.0,107344.0,107343.99,107343.99,2.29767
2025-06-29 07:29:00+00:00,107343.99,107344.0,107343.99,107344.0,2.1402
2025-06-29 07:28:00+00:00,107344.0,107344.0,107343.99,107343.99,0.7144
2025-06-29 07:27:00+00:00,107343.99,107344.0,107343.99,107344.0,1.09698
2025-06-29 07:26:00+00:00,107343.99,107344.0,107343.99,107343.99,0.24461
2025-06-29 07:25:00+00:00,107344.0,107344.0,107343.99,107344.0,0.72078
2025-06-29 07:24:00+00:00,107343.99,107344.0,107343.99,107343.99,0.28337
2025-06-29 07:23:00+00:00,107344.01,107344.01,107343.99,107343.99,6.2247
2025-06-29 07:22:00+00:00,107344.01,107344.01,107344.0,107344.01,0.71451
2025-06-29 07:21:00+00:00,107344.0,107344.01,107344.0,107344.0,1.295
2025-06-29 07:20:00+00:00,107344.0,107344.01,107344.0,107344.0,0.46913
2025-06-29 07:19:00+00:00,107344.01,107344.01,107344.0,107344.01,0.39054
2025-06-29 07:18:00+00:00,107344.0,107344.01,107344.0,107344.0,0.43803
2025-06-29 07:17:00+00:00,107347.65,107347.65,107344.0,107344.0,1.22342
2025-06-29 07:16:00+00:00,107361.4,107361.41,107347.64,107347.64,3.50396
2025-06-29 07:15:00+00:00,107361.41,107361.41,107361.4,107361.4,0.36282
2025-06-29 07:14:00+00:00,107361.4,107361.41,107361.4,107361.4,2.47573
2025-06-29 07:13:00+00:00,107361.4,107361.41,107361.4,107361.4,0.24858
2025-06-29 07:12:00+00:00,107369.16,107369.17,107361.4,107361.4,2.24434
2025-06-29 07:11:00+00:00,107369.16,107369.17,107369.16,107369.16,2.51681
2025-06-29 07:10:00+00:00,107369.17,107369.17,107369.16,107369.16,0.47971
2025-06-29 07:09:00+00:00,107369.18,107369.18,107369.17,107369.17,1.74383
2025-06-29 07:08:00+00:00,107347.65,107387.98,107347.65,107369.17,9.08069
2025-06-29 07:07:00+00:00,107347.64,107347.65,107347.64,107347.64,2.4497
2025-06-29 07:06:00+00:00,107347.64,107347.65,107347.64,107347.64,0.56011
2025-06-29 07:05:00+00:00,107347.64,107347.65,107347.64,107347.64,0.23444
2025-06-29 07:04:00+00:00,107349.99,107350.0,107347.64,107347.64,0.83116
2025-06-29 07:03:00+00:00,107358.51,107358.51,107349.99,107349.99,1.63125
2025-06-29 07:02:00+00:00,107358.51,107358.51,107358.5,107358.5,0.44187
2025-06-29 07:01:00+00:00,107358.5,107358.51,107358.5,107358.5,0.68703
2025-06-29 07:00:00+00:00,107376.96,107384.83,107358.5,107358.5,14.94408
2025-06-29 06:59:00+00:00,107385.91,107385.92,107376.95,107376.95,3.07416
2025-06-29 06:58:00+00:00,107350.0,107385.92,107349.99,107385.92,5.2108
2025-06-29 06:57:00+00:00,107350.0,107350.0,107349.99,107349.99,6.21545
2025-06-29 06:56:00+00:00,107339.52,107350.0,107339.52,107350.0,8.53101
2025-06-29 06:55:00+00:00,107339.53,107339.53,107339.52,107339.53,11.80955
2025-06-29 06:54:00+00:00,107339.52,107339.53,107339.52,107339.53,0.66887
2025-06-29 06:53:00+00:00,107339.52,107339.53,107339.52,107339.53,0.65238
2025-06-29 06:52:00+00:00,107339.52,107339.53,107339.52,107339.53,0.77469
2025-06-29 06:51:00+00:00,107339.52,107339.53,107339.52,107339.53,0.40773
2025-06-29 06:50:00+00:00,107339.53,107339.53,107339.52,107339.52,0.46953
2025-06-29 06:49:00+00:00,107339.53,107339.53,107339.52,107339.52,0.74375
2025-06-29 06:48:00+00:00,107339.53,107339.53,107339.52,107339.52,0.51824
2025-06-29 06:47:00+00:00,107339.52,107339.53,107339.52,107339.53,0.77862
2025-06-29 06:46:00+00:00,107339.52,107339.53,107339.52,107339.53,1.13247
2025-06-29 06:45:00+00:00,107339.53,107339.53,107339.52,107339.53,0.495
2025-06-29 06:44:00+00:00,107339.52,107339.53,107339.52,107339.52,1.43712
2025-06-29 06:43:00+00:00,107348.54,107348.55,107339.52,107339.52,3.84453
2025-06-29 06:42:00+00:00,107348.55,107348.55,107348.54,107348.55,0.31003
2025-06-29 06:41:00+00:00,107348.55,107348.55,107348.54,107348.55,0.37582
2025-06-29 06:40:00+00:00,107348.54,107348.55,107348.54,107348.54,0.4608
2025-06-29 06:39:00+00:00,107348.54,107348.55,107348.54,107348.54,2.63677
2025-06-29 06:38:00+00:00,107348.54,107348.55,107348.54,107348.54,1.13719
2025-06-29 06:37:00+00:00,107348.55,107348.55,107348.54,107348.55,0.55087
2025-06-29 06:36:00+00:00,107348.54,107348.55,107348.54,107348.54,0.35405
2025-06-29 06:35:00+00:00,107348.54,107348.55,107348.54,107348.55,0.57859
2025-06-29 06:34:00+00:00,107348.54,107348.55,107348.54,107348.55,1.26664
2025-06-29 06:33:00+00:00,107348.54,107348.55,107348.54,107348.54,1.17215
2025-06-29 06:32:00+00:00,107348.55,107348.55,107348.54,107348.55,0.28596
2025-06-29 06:31:00+00:00,107348.54,107348.55,107348.54,107348.54,1.25588
2025-06-29 06:30:00+00:00,107334.8,107349.66,107334.79,107348.54,6.183
2025-06-29 06:29:00+00:00,107334.79,107334.8,107334.79,107334.8,1.16327
2025-06-29 06:28:00+00:00,107334.8,107334.8,107334.79,107334.8,0.98362
2025-06-29 06:27:00+00:00,107334.8,107334.8,107334.79,107334.8,0.26274
2025-06-29 06:26:00+00:00,107336.5,107336.51,107334.79,107334.8,0.86954
2025-06-29 06:25:00+00:00,107336.5,107336.51,107336.5,107336.5,1.21886
2025-06-29 06:24:00+00:00,107336.51,107336.51,107336.5,107336.5,0.15386
2025-06-29 06:23:00+00:00,107336.51,107336.51,107336.5,107336.51,0.17351
2025-06-29 06:22:00+00:00,107336.51,107336.51,107336.5,107336.5,0.23644
2025-06-29 06:21:00+00:00,107336.51,107336.51,107336.5,107336.51,3.84057
2025-06-29 06:20:00+00:00,107336.51,107336.51,107336.5,107336.51,0.40023
2025-06-29 06:19:00+00:00,107336.51,107336.51,107336.5,107336.51,0.34259
2025-06-29 06:18:00+00:00,107338.91,107338.92,107336.5,107336.5,1.00785
2025-06-29 06:17:00+00:00,107341.63,107341.64,107338.91,107338.91,0.77253
2025-06-29 06:16:00+00:00,107328.8,107350.01,107328.79,107341.63,17.52204
2025-06-29 06:15:00+00:00,107316.9,107328.8,107316.89,107328.79,2.37423
2025-06-29 06:14:00+00:00,107316.89,107316.9,107316.89,107316.9,0.32936
2025-06-29 06:13:00+00:00,107316.89,107316.9,107316.89,107316.89,0.28422
2025-06-29 06:12:00+00:00,107316.89,107316.9,107316.89,107316.89,0.335
2025-06-29 06:11:00+00:00,107316.1,107316.9,107316.1,107316.9,1.00069
2025-06-29 06:10:00+00:00,107316.09,107316.11,107316.08,107316.11,1.45397
2025-06-29 06:09:00+00:00,107316.09,107316.09,107316.08,107316.09,0.64653
2025-06-29 06:08:00+00:00,107316.09,107316.09,107316.08,107316.09,1.09164
2025-06-29 06:07:00+00:00,107316.09,107316.09,107316.08,107316.09,1.14926
2025-06-29 06:06:00+00:00,107315.46,107316.09,107315.45,107316.08,0.58145
2025-06-29 06:05:00+00:00,107310.0,107315.46,107309.99,107315.45,0.91545
2025-06-29 06:04:00+00:00,107310.0,107310.0,107309.99,107310.0,0.51233
2025-06-29 06:03:00+00:00,107309.99,107310.0,107309.99,107309.99,0.28782
2025-06-29 06:02:00+00:00,107310.0,107310.0,107309.99,107309.99,0.2368
2025-06-29 06:01:00+00:00,107310.0,107310.0,107309.99,107309.99,1.0862
2025-06-29 06:00:00+00:00,107310.0,107310.0,107309.99,107309.99,0.26805
2025-06-29 05:59:00+00:00,107310.0,107310.0,107309.99,107309.99,2.73595
2025-06-29 05:58:00+00:00,107310.0,107310.0,107309.99,107310.0,0.36945
2025-06-29 05:57:00+00:00,107309.99,107310.0,107309.99,107309.99,1.1123
2025-06-29 05:56:00+00:00,107309.99,107310.0,107309.99,107309.99,0.38241
2025-06-29 05:55:00+00:00,107309.99,107310.0,107309.99,107309.99,1.48338
2025-06-29 05:54:00+00:00,107309.99,107310.0,107309.99,107309.99,0.42866
2025-06-29 05:53:00+00:00,107309.99,107310.0,107309.99,107310.0,0.50709
2025-06-29 05:52:00+00:00,107299.99,107310.0,107299.99,107310.0,1.30239
2025-06-29 05:51:00+00:00,107295.0,107300.0,107295.0,107299.99,0.7175
2025-06-29 05:50:00+00:00,107293.21,107295.0,107293.2,107295.0,0.17971
2025-06-29 05:49:00+00:00,107288.29,107293.21,107288.28,107293.2,2.15048
2025-06-29 05:48:00+00:00,107260.66,107288.29,107260.66,107288.29,5.56235
2025-06-29 05:47:00+00:00,107260.66,107260.67,107260.66,107260.67,1.60135
2025-06-29 05:46:00+00:00,107259.99,107260.67,107259.99,107260.67,1.55555
2025-06-29 05:45:00+00:00,107241.43,107260.0,107241.43,107260.0,1.59659
2025-06-29 05:44:00+00:00,107241.43,107241.44,107241.43,107241.43,0.24096
2025-06-29 05:43:00+00:00,107239.99,107241.44,107239.99,107241.44,2.48981
2025-06-29 05:42:00+00:00,107239.99,107240.0,107239.99,107239.99,0.60703
2025-06-29 05:41:00+00:00,107234.22,107240.0,107234.21,107239.99,0.97412
2025-06-29 05:40:00+00:00,107217.97,107234.22,107217.97,107234.21,2.12831
2025-06-29 05:39:00+00:00,107215.48,107217.97,107215.47,107217.96,0.89665
2025-06-29 05:38:00+00:00,107215.47,107215.48,107215.47,107215.48,0.47578
2025-06-29 05:37:00+00:00,107215.47,107215.48,107215.47,107215.48,0.36173
2025-06-29 05:36:00+00:00,107215.48,107215.48,107215.47,107215.48,0.4129
2025-06-29 05:35:00+00:00,107205.83,107215.48,107205.82,107215.47,1.75063
2025-06-29 05:34:00+00:00,107205.83,107205.83,107205.82,107205.83,0.9623
2025-06-29 05:33:00+00:00,107205.82,107205.83,107205.82,107205.82,0.72215
2025-06-29 05:32:00+00:00,107205.83,107205.83,107205.82,107205.82,0.22932
2025-06-29 05:31:00+00:00,107205.83,107205.83,107205.82,107205.82,0.39183
2025-06-29 05:30:00+00:00,107220.01,107220.01,107205.82,107205.83,1.42009
2025-06-29 05:29:00+00:00,107221.81,107221.81,107220.0,107220.0,0.64609
2025-06-29 05:28:00+00:00,107221.8,107221.81,107221.8,107221.81,0.312
2025-06-29 05:27:00+00:00,107230.15,107230.15,107221.8,107221.8,2.02479
2025-06-29 05:26:00+00:00,107230.14,107230.15,107230.14,107230.15,0.20366
2025-06-29 05:25:00+00:00,107230.14,107230.15,107230.14,107230.15,0.37244
2025-06-29 05:24:00+00:00,107230.15,107230.16,107230.14,107230.15,0.7469
2025-06-29 05:23:00+00:00,107230.16,107230.16,107230.15,107230.16,0.56555
2025-06-29 05:22:00+00:00,107230.15,107230.16,107230.15,107230.16,0.67547
2025-06-29 05:21:00+00:00,107230.54,107230.54,107230.15,107230.15,0.84608
2025-06-29 05:20:00+00:00,107242.68,107242.69,107230.53,107230.54,1.9589
2025-06-29 05:19:00+00:00,107242.68,107242.69,107242.68,107242.69,0.12299
2025-06-29 05:18:00+00:00,107242.68,107242.69,107242.68,107242.68,0.47608
2025-06-29 05:17:00+00:00,107242.68,107242.69,107242.68,107242.68,0.16568
2025-06-29 05:16:00+00:00,107242.68,107242.69,107242.68,107242.69,5.29386
2025-06-29 05:15:00+00:00,107242.69,107242.69,107242.68,107242.68,0.31491
2025-06-29 05:14:00+00:00,107242.69,107242.69,107242.68,107242.69,0.25392
2025-06-29 05:13:00+00:00,107242.69,107242.69,107242.68,107242.68,0.19214
2025-06-29 05:12:00+00:00,107242.68,107242.69,107242.68,107242.68,0.36809
2025-06-29 05:11:00+00:00,107238.34,107242.69,107238.34,107242.68,2.10161
2025-06-29 05:10:00+00:00,107238.33,107238.34,107238.33,107238.33,1.12649
2025-06-29 05:09:00+00:00,107238.33,107238.34,107238.33,107238.33,4.52099
2025-06-29 05:08:00+00:00,107238.33,107238.34,107238.33,107238.34,0.20506
2025-06-29 05:07:00+00:00,107240.0,107240.01,107238.33,107238.33,0.58644
2025-06-29 05:06:00+00:00,107240.0,107240.01,107240.0,107240.0,0.48157
2025-06-29 05:05:00+00:00,107240.01,107240.01,107240.0,107240.0,0.1857
2025-06-29 05:04:00+00:00,107253.42,107253.42,107240.0,107240.0,1.50924
2025-06-29 05:03:00+00:00,107253.43,107253.43,107253.42,107253.42,0.62622
2025-06-29 05:02:00+00:00,107256.01,107256.02,107253.42,107253.42,0.49392
2025-06-29 05:01:00+00:00,107256.01,107256.02,107256.01,107256.01,0.19162
2025-06-29 05:00:00+00:00,107264.16,107264.16,107256.01,107256.01,2.66109
2025-06-29 04:59:00+00:00,107272.76,107272.77,107264.15,107264.15,4.1223
2025-06-29 04:58:00+00:00,107272.76,107272.77,107272.76,107272.77,0.5724
2025-06-29 04:57:00+00:00,107256.06,107272.77,107256.06,107272.76,2.72637
2025-06-29 04:56:00+00:00,107256.07,107256.07,107256.06,107256.07,2.13949
2025-06-29 04:55:00+00:00,107256.06,107256.07,107256.06,107256.06,1.22682
2025-06-29 04:54:00+00:00,107256.06,107256.07,107256.06,107256.06,0.3837
2025-06-29 04:53:00+00:00,107256.06,107256.07,107256.06,107256.07,0.11541
2025-06-29 04:52:00+00:00,107256.06,107256.07,107256.06,107256.06,0.15075
2025-06-29 04:51:00+00:00,107237.53,107256.07,107237.52,107256.06,2.44819
2025-06-29 04:50:00+00:00,107237.52,107237.53,107237.52,107237.53,0.33134
2025-06-29 04:49:00+00:00,107237.52,107237.53,107237.52,107237.53,0.3795
2025-06-29 04:48:00+00:00,107237.53,107237.53,107237.52,107237.52,0.48247
2025-06-29 04:47:00+00:00,107237.53,107237.53,107237.52,107237.53,4.32586
2025-06-29 04:46:00+00:00,107237.53,107237.53,107237.52,107237.53,0.57069
2025-06-29 04:45:00+00:00,107237.52,107237.53,107237.52,107237.52,0.13058
2025-06-29 04:44:00+00:00,107237.52,107237.53,107237.52,107237.53,0.15545
2025-06-29 04:43:00+00:00,107237.52,107237.53,107237.52,107237.53,0.18626
2025-06-29 04:42:00+00:00,107237.53,107237.53,107237.52,107237.52,0.27268
2025-06-29 04:41:00+00:00,107237.52,107237.53,107237.52,107237.52,0.17537
2025-06-29 04:40:00+00:00,107237.52,107237.53,107237.52,107237.53,0.11982
2025-06-29 04:39:00+00:00,107237.52,107237.53,107237.52,107237.52,0.19128
2025-06-29 04:38:00+00:00,107237.52,107237.53,107237.52,107237.53,0.28091
2025-06-29 04:37:00+00:00,107237.53,107237.53,107237.52,107237.53,0.36642
2025-06-29 04:36:00+00:00,107237.52,107237.53,107237.52,107237.53,0.1946
2025-06-29 04:35:00+00:00,107237.53,107237.53,107237.52,107237.53,0.15786
2025-06-29 04:34:00+00:00,107237.52,107237.53,107237.52,107237.53,0.20816
2025-06-29 04:33:00+00:00,107237.53,107237.53,107237.52,107237.52,0.10786
2025-06-29 04:32:00+00:00,107237.53,107237.53,107237.52,107237.52,0.35919
2025-06-29 04:31:00+00:00,107237.52,107237.53,107237.52,107237.52,0.64668
2025-06-29 04:30:00+00:00,107237.53,107237.53,107237.52,107237.52,0.56284
2025-06-29 04:29:00+00:00,107238.37,107238.37,107237.52,107237.52,1.93455
2025-06-29 04:28:00+00:00,107241.76,107241.77,107238.36,107238.36,0.92513
2025-06-29 04:27:00+00:00,107241.77,107241.77,107241.76,107241.76,0.30548
2025-06-29 04:26:00+00:00,107241.77,107241.77,107241.76,107241.76,0.26522
2025-06-29 04:25:00+00:00,107241.76,107241.77,107241.76,107241.77,0.34056
2025-06-29 04:24:00+00:00,107241.76,107241.77,107241.76,107241.76,2.3647
2025-06-29 04:23:00+00:00,107241.76,107241.77,107241.76,107241.76,0.47332
2025-06-29 04:22:00+00:00,107241.77,107241.77,107241.76,107241.76,0.33391
2025-06-29 04:21:00+00:00,107241.76,107241.77,107241.76,107241.76,0.46995
2025-06-29 04:20:00+00:00,107243.35,107243.35,107241.76,107241.76,0.60527
2025-06-29 04:19:00+00:00,107243.34,107243.35,107243.34,107243.35,0.58007
2025-06-29 04:18:00+00:00,107243.34,107243.35,107243.34,107243.34,0.263
2025-06-29 04:17:00+00:00,107243.35,107243.35,107243.34,107243.35,0.45498
2025-06-29 04:16:00+00:00,107243.35,107243.35,107243.34,107243.34,1.03755
2025-06-29 04:15:00+00:00,107243.35,107243.35,107243.34,107243.34,2.02938
2025-06-29 04:14:00+00:00,107240.0,107243.35,107239.99,107243.35,0.69348
2025-06-29 04:13:00+00:00,107240.0,107240.0,107239.99,107240.0,0.96711
2025-06-29 04:12:00+00:00,107229.3,107240.0,107229.3,107239.99,1.81067
2025-06-29 04:11:00+00:00,107229.31,107229.31,107229.3,107229.31,0.50508
2025-06-29 04:10:00+00:00,107229.31,107229.31,107229.3,107229.31,1.93291
2025-06-29 04:09:00+00:00,107229.3,107229.31,107229.3,107229.3,0.28354
2025-06-29 04:08:00+00:00,107222.37,107229.31,107222.37,107229.31,2.30952
2025-06-29 04:07:00+00:00,107222.38,107222.38,107222.37,107222.37,1.04436
2025-06-29 04:06:00+00:00,107220.0,107222.38,107219.99,107222.37,1.46997
2025-06-29 04:05:00+00:00,107220.0,107220.0,107219.99,107220.0,0.5391
2025-06-29 04:04:00+00:00,107211.97,107220.0,107211.96,107220.0,1.35918
2025-06-29 04:03:00+00:00,107210.77,107211.97,107210.77,107211.96,3.28877
2025-06-29 04:02:00+00:00,107210.78,107210.78,107210.77,107210.78,0.889
2025-06-29 04:01:00+00:00,107210.77,107210.78,107210.77,107210.77,1.32091
2025-06-29 04:00:00+00:00,107210.78,107210.78,107210.77,107210.77,0.77519
2025-06-29 03:59:00+00:00,107210.77,107210.78,107210.77,107210.78,0.43534
2025-06-29 03:58:00+00:00,107210.78,107210.78,107210.77,107210.77,2.02773
2025-06-29 03:57:00+00:00,107210.78,107210.78,107210.77,107210.77,0.26385
2025-06-29 03:56:00+00:00,107210.77,107210.78,107210.77,107210.77,0.23182
2025-06-29 03:55:00+00:00,107210.77,107210.78,107210.77,107210.77,0.40685
2025-06-29 03:54:00+00:00,107210.77,107210.78,107210.77,107210.77,0.15335
2025-06-29 03:53:00+00:00,107210.78,107210.78,107210.77,107210.77,0.70375
2025-06-29 03:52:00+00:00,107210.78,107210.78,107210.77,107210.78,0.43885
2025-06-29 03:51:00+00:00,107210.77,107210.78,107210.77,107210.78,0.74856
2025-06-29 03:50:00+00:00,107200.0,107210.78,107200.0,107210.77,4.0506
2025-06-29 03:49:00+00:00,107190.27,107200.0,107190.26,107199.99,1.48129
2025-06-29 03:48:00+00:00,107190.27,107190.27,107190.26,107190.27,0.75056
2025-06-29 03:47:00+00:00,107190.21,107190.27,107190.21,107190.26,1.87086
2025-06-29 03:46:00+00:00,107189.86,107190.22,107189.86,107190.22,1.82322
2025-06-29 03:45:00+00:00,107190.0,107190.01,107189.86,107189.87,2.44073
2025-06-29 03:44:00+00:00,107190.21,107190.22,107190.0,107190.01,3.30075
2025-06-29 03:43:00+00:00,107200.0,107200.01,107190.21,107190.21,1.45216
2025-06-29 03:42:00+00:00,107200.01,107200.01,107200.0,107200.0,0.71358
2025-06-29 03:41:00+00:00,107200.01,107200.01,107200.0,107200.01,4.02183
2025-06-29 03:40:00+00:00,107208.9,107208.91,107200.0,107200.01,3.80463
2025-06-29 03:39:00+00:00,107232.6,107232.6,107208.9,107208.9,2.59855
2025-06-29 03:38:00+00:00,107232.61,107232.61,107232.6,107232.61,0.5155
2025-06-29 03:37:00+00:00,107232.61,107232.61,107232.6,107232.6,0.64262
2025-06-29 03:36:00+00:00,107242.48,107242.48,107232.6,107232.61,1.01058
2025-06-29 03:35:00+00:00,107281.66,107281.66,107242.47,107242.47,2.22017
2025-06-29 03:34:00+00:00,107281.66,107281.66,107281.65,107281.65,0.52617
2025-06-29 03:33:00+00:00,107281.65,107281.66,107281.65,107281.66,0.38956
2025-06-29 03:32:00+00:00,107283.46,107283.47,107281.65,107281.65,1.32784
2025-06-29 03:31:00+00:00,107283.46,107283.47,107283.46,107283.46,0.18894
2025-06-29 03:30:00+00:00,107284.53,107284.53,107283.46,107283.47,1.56655
2025-06-29 03:29:00+00:00,107284.52,107284.53,107284.52,107284.52,0.4106
2025-06-29 03:28:00+00:00,107284.53,107284.53,107284.52,107284.52,1.14163
2025-06-29 03:27:00+00:00,107293.21,107293.22,107284.52,107284.52,1.56657
2025-06-29 03:26:00+00:00,107293.22,107293.22,107293.21,107293.21,0.91413
2025-06-29 03:25:00+00:00,107293.21,107293.22,107293.21,107293.22,0.30111
2025-06-29 03:24:00+00:00,107286.0,107293.22,107285.99,107293.21,0.70015
2025-06-29 03:23:00+00:00,107267.49,107286.0,107267.48,107286.0,2.71518
2025-06-29 03:22:00+00:00,107267.49,107267.49,107267.48,107267.48,0.81901
2025-06-29 03:21:00+00:00,107267.48,107267.49,107267.48,107267.48,0.45055
2025-06-29 03:20:00+00:00,107267.49,107267.49,107267.48,107267.49,0.35583
2025-06-29 03:19:00+00:00,107275.0,107275.01,107267.48,107267.49,3.63237
2025-06-29 03:18:00+00:00,107275.0,107275.01,107275.0,107275.01,1.98755
2025-06-29 03:17:00+00:00,107271.63,107275.01,107271.62,107275.01,1.07797
2025-06-29 03:16:00+00:00,107271.62,107271.63,107271.62,107271.62,0.93386
2025-06-29 03:15:00+00:00,107271.62,107271.63,107271.62,107271.63,0.4708
2025-06-29 03:14:00+00:00,107271.63,107271.63,107271.62,107271.63,0.53884
2025-06-29 03:13:00+00:00,107271.63,107271.63,107271.62,107271.63,1.12753
2025-06-29 03:12:00+00:00,107271.62,107271.63,107271.62,107271.62,0.71431
2025-06-29 03:11:00+00:00,107271.63,107271.63,107271.62,107271.62,0.38712
2025-06-29 03:10:00+00:00,107271.62,107271.63,107271.62,107271.62,0.26835
2025-06-29 03:09:00+00:00,107271.63,107271.63,107271.62,107271.62,0.43846
2025-06-29 03:08:00+00:00,107270.26,107271.63,107270.26,107271.63,1.25561
2025-06-29 03:07:00+00:00,107270.26,107270.27,107270.26,107270.26,0.74263
2025-06-29 03:06:00+00:00,107268.39,107270.27,107268.38,107270.27,1.95137
2025-06-29 03:05:00+00:00,107268.39,107268.39,107268.38,107268.38,0.61723
2025-06-29 03:04:00+00:00,107269.13,107269.14,107268.38,107268.38,0.76708
2025-06-29 03:03:00+00:00,107269.13,107269.14,107269.13,107269.13,0.34057
2025-06-29 03:02:00+00:00,107269.14,107269.14,107269.13,107269.14,0.30658
2025-06-29 03:01:00+00:00,107293.0,107293.01,107269.13,107269.14,2.03086
2025-06-29 03:00:00+00:00,107307.47,107307.48,107293.0,107293.0,2.12872
2025-06-29 02:59:00+00:00,107307.47,107307.48,107307.47,107307.48,0.58074
2025-06-29 02:58:00+00:00,107307.48,107307.48,107307.47,107307.48,0.26359
2025-06-29 02:57:00+00:00,107307.48,107307.48,107307.47,107307.48,2.97555
2025-06-29 02:56:00+00:00,107301.19,107307.48,107301.19,107307.48,4.9371
2025-06-29 02:55:00+00:00,107301.19,107301.2,107301.19,107301.2,0.29537
2025-06-29 02:54:00+00:00,107301.19,107301.2,107301.19,107301.19,0.6266
2025-06-29 02:53:00+00:00,107301.2,107301.2,107301.19,107301.19,0.87994
2025-06-29 02:52:00+00:00,107301.19,107301.2,107301.19,107301.19,0.16044
2025-06-29 02:51:00+00:00,107301.2,107301.2,107301.19,107301.2,0.55759
2025-06-29 02:50:00+00:00,107301.19,107301.2,107301.19,107301.2,0.34793
2025-06-29 02:49:00+00:00,107308.32,107308.33,107301.19,107301.19,1.54626
2025-06-29 02:48:00+00:00,107308.32,107308.33,107308.32,107308.32,0.95457
2025-06-29 02:47:00+00:00,107308.32,107308.33,107308.32,107308.33,0.53218
2025-06-29 02:46:00+00:00,107308.32,107308.33,107308.32,107308.33,0.3495
2025-06-29 02:45:00+00:00,107315.45,107315.45,107308.32,107308.32,0.9536
2025-06-29 02:44:00+00:00,107315.45,107315.46,107315.45,107315.46,1.02927
2025-06-29 02:43:00+00:00,107329.26,107329.26,107315.45,107315.45,2.02294
2025-06-29 02:42:00+00:00,107260.41,107355.06,107260.41,107329.26,13.4835
2025-06-29 02:41:00+00:00,107265.88,107265.89,107260.41,107260.42,6.51741
2025-06-29 02:40:00+00:00,107242.68,107265.89,107242.67,107265.89,3.34068
2025-06-29 02:39:00+00:00,107242.68,107242.68,107242.67,107242.67,1.41655
2025-06-29 02:38:00+00:00,107215.67,107242.68,107215.66,107242.67,2.69822
2025-06-29 02:37:00+00:00,107215.67,107215.67,107215.66,107215.67,1.24184
2025-06-29 02:36:00+00:00,107215.67,107215.67,107215.66,107215.67,0.24558
2025-06-29 02:35:00+00:00,107210.26,107215.67,107210.26,107215.66,1.70149
2025-06-29 02:34:00+00:00,107210.27,107210.27,107210.26,107210.26,0.29651
2025-06-29 02:33:00+00:00,107210.27,107210.27,107210.26,107210.27,0.54161
2025-06-29 02:32:00+00:00,107210.27,107210.27,107210.26,107210.26,0.46965
2025-06-29 02:31:00+00:00,107210.26,107210.27,107210.26,107210.26,2.23887
2025-06-29 02:30:00+00:00,107231.17,107231.18,107210.26,107210.27,1.65656
2025-06-29 02:29:00+00:00,107244.0,107244.0,107231.17,107231.18,1.08718
2025-06-29 02:28:00+00:00,107243.99,107244.0,107243.99,107243.99,0.29673
2025-06-29 02:27:00+00:00,107227.29,107244.0,107227.29,107243.99,2.01958
2025-06-29 02:26:00+00:00,107203.28,107227.3,107203.28,107227.29,1.23716
2025-06-29 02:25:00+00:00,107210.3,107210.31,107199.57,107203.28,6.8534
2025-06-29 02:24:00+00:00,107206.94,107216.97,107206.94,107210.3,6.40198
2025-06-29 02:23:00+00:00,107201.08,107206.95,107201.07,107206.94,2.28567
2025-06-29 02:22:00+00:00,107197.19,107201.08,107197.19,107201.08,1.97856
2025-06-29 02:21:00+00:00,107192.51,107197.2,107192.5,107197.19,5.31859
2025-06-29 02:20:00+00:00,107216.96,107216.97,107192.5,107192.51,6.84284
2025-06-29 02:19:00+00:00,107216.96,107216.97,107216.96,107216.96,1.80843
2025-06-29 02:18:00+00:00,107216.97,107216.97,107216.96,107216.97,0.35658
2025-06-29 02:17:00+00:00,107216.97,107216.97,107216.96,107216.96,0.58454
2025-06-29 02:16:00+00:00,107229.99,107229.99,107216.96,107216.96,4.31094
2025-06-29 02:15:00+00:00,107230.73,107230.74,107229.98,107229.99,2.48727
2025-06-29 02:14:00+00:00,107230.74,107230.74,107230.73,107230.74,0.25575
2025-06-29 02:13:00+00:00,107205.66,107230.74,107205.65,107230.73,2.03718
2025-06-29 02:12:00+00:00,107230.77,107230.77,107205.65,107205.65,2.79358
2025-06-29 02:11:00+00:00,107230.76,107230.77,107230.76,107230.76,0.54222
2025-06-29 02:10:00+00:00,107230.76,107230.77,107230.76,107230.77,1.48607
2025-06-29 02:09:00+00:00,107230.77,107230.77,107230.76,107230.77,0.61255
2025-06-29 02:08:00+00:00,107230.77,107230.77,107230.76,107230.77,0.54372
2025-06-29 02:07:00+00:00,107218.93,107230.77,107218.92,107230.77,4.4618
2025-06-29 02:06:00+00:00,107188.4,107218.93,107188.4,107218.93,2.93857
2025-06-29 02:05:00+00:00,107180.01,107188.41,107172.52,107188.41,3.26173
2025-06-29 02:04:00+00:00,107311.0,107311.01,107180.0,107180.0,15.65998
2025-06-29 02:03:00+00:00,107311.01,107311.01,107311.0,107311.01,2.07959
2025-06-29 02:02:00+00:00,107311.01,107311.01,107311.0,107311.01,1.25913
2025-06-29 02:01:00+00:00,107311.01,107311.01,107311.0,107311.01,1.69354
2025-06-29 02:00:00+00:00,107311.0,107311.01,107311.0,107311.0,4.98458
2025-06-29 01:59:00+00:00,107311.01,107311.01,107311.0,107311.0,3.5749
2025-06-29 01:58:00+00:00,107311.0,107311.01,107311.0,107311.0,0.70971
2025-06-29 01:57:00+00:00,107311.01,107311.01,107311.0,107311.01,2.19157
2025-06-29 01:56:00+00:00,107330.51,107330.51,107310.53,107311.0,5.46069
2025-06-29 01:55:00+00:00,107330.5,107330.51,107330.5,107330.51,1.01069
2025-06-29 01:54:00+00:00,107330.51,107330.51,107330.5,107330.51,0.34318
2025-06-29 01:53:00+00:00,107330.51,107330.51,107330.5,107330.5,0.40875
2025-06-29 01:52:00+00:00,107330.51,107330.51,107330.5,107330.51,0.20984
2025-06-29 01:51:00+00:00,107330.5,107330.51,107330.5,107330.51,0.99075
2025-06-29 01:50:00+00:00,107330.5,107330.51,107330.5,107330.5,0.32027
2025-06-29 01:49:00+00:00,107330.51,107330.51,107330.5,107330.51,0.54705
2025-06-29 01:48:00+00:00,107359.78,107359.79,107330.0,107330.5,1.93511
2025-06-29 01:47:00+00:00,107359.78,107359.79,107359.78,107359.79,0.33945
2025-06-29 01:46:00+00:00,107359.79,107359.79,107359.78,107359.78,1.38058
2025-06-29 01:45:00+00:00,107360.0,107360.01,107359.78,107359.78,2.24555
2025-06-29 01:44:00+00:00,107362.83,107362.83,107360.0,107360.01,0.88453
2025-06-29 01:43:00+00:00,107367.54,107367.54,107362.82,107362.82,1.34524
2025-06-29 01:42:00+00:00,107367.54,107367.54,107367.53,107367.53,0.29555
2025-06-29 01:41:00+00:00,107407.19,107407.19,107367.53,107367.53,3.7616
2025-06-29 01:40:00+00:00,107415.51,107415.51,107407.18,107407.18,1.81644
2025-06-29 01:39:00+00:00,107415.5,107415.51,107415.5,107415.51,0.21552
2025-06-29 01:38:00+00:00,107415.5,107415.51,107415.5,107415.5,2.89751
2025-06-29 01:37:00+00:00,107423.9,107423.9,107415.5,107415.51,1.98752
2025-06-29 01:36:00+00:00,107423.89,107423.9,107423.89,107423.89,0.99665
2025-06-29 01:35:00+00:00,107423.89,107423.9,107423.89,107423.9,0.81478
2025-06-29 01:34:00+00:00,107423.89,107423.9,107423.88,107423.89,7.83457
2025-06-29 01:33:00+00:00,107423.89,107423.89,107423.88,107423.89,0.31701
2025-06-29 01:32:00+00:00,107423.89,107423.89,107423.88,107423.88,0.5794
2025-06-29 01:31:00+00:00,107423.89,107423.89,107423.88,107423.89,1.41228
2025-06-29 01:30:00+00:00,107423.89,107423.89,107423.88,107423.89,1.26968
2025-06-29 01:29:00+00:00,107423.89,107423.89,107423.88,107423.89,0.95449
2025-06-29 01:28:00+00:00,107413.83,107423.89,107413.82,107423.89,4.78773
2025-06-29 01:27:00+00:00,107407.17,107413.83,107407.16,107413.82,3.05673
2025-06-29 01:26:00+00:00,107416.81,107416.81,107407.16,107407.16,4.66333
2025-06-29 01:25:00+00:00,107416.8,107416.81,107416.8,107416.81,0.87118
2025-06-29 01:24:00+00:00,107416.8,107416.81,107416.8,107416.81,0.96204
2025-06-29 01:23:00+00:00,107416.81,107416.81,107416.8,107416.81,0.66801
2025-06-29 01:22:00+00:00,107416.81,107416.81,107416.8,107416.8,0.34232
2025-06-29 01:21:00+00:00,107424.46,107424.46,107416.8,107416.8,2.45016
2025-06-29 01:20:00+00:00,107402.18,107424.46,107402.17,107424.45,6.48873
2025-06-29 01:19:00+00:00,107402.17,107402.18,107402.17,107402.18,7.07759
2025-06-29 01:18:00+00:00,107402.18,107402.18,107402.17,107402.18,0.387
2025-06-29 01:17:00+00:00,107402.18,107402.18,107402.17,107402.18,0.87975
2025-06-29 01:16:00+00:00,107402.17,107402.18,107402.17,107402.17,2.48887
2025-06-29 01:15:00+00:00,107404.27,107404.27,107402.17,107402.17,0.52245
2025-06-29 01:14:00+00:00,107415.0,107415.01,107404.26,107404.26,1.80441
2025-06-29 01:13:00+00:00,107415.01,107415.01,107415.0,107415.01,0.52377
2025-06-29 01:12:00+00:00,107415.01,107415.01,107415.0,107415.0,1.43239
2025-06-29 01:11:00+00:00,107415.01,107415.01,107415.0,107415.0,0.71598
2025-06-29 01:10:00+00:00,107415.0,107415.01,107415.0,107415.01,1.24686
2025-06-29 01:09:00+00:00,107430.37,107430.38,107415.0,107415.0,1.35967
2025-06-29 01:08:00+00:00,107433.53,107433.53,107430.37,107430.37,0.52334
2025-06-29 01:07:00+00:00,107437.77,107437.78,107433.52,107433.53,0.7437
2025-06-29 01:06:00+00:00,107440.54,107440.54,107437.77,107437.78,0.36293
2025-06-29 01:05:00+00:00,107440.54,107440.54,107440.53,107440.54,0.72783
2025-06-29 01:04:00+00:00,107444.57,107444.57,107440.53,107440.54,0.71789
2025-06-29 01:03:00+00:00,107444.57,107444.57,107444.56,107444.57,0.94801
2025-06-29 01:02:00+00:00,107459.59,107459.6,107444.56,107444.56,1.69143
2025-06-29 01:01:00+00:00,107475.9,107475.9,107459.59,107459.59,3.16081
2025-06-29 01:00:00+00:00,107475.91,107475.92,107475.89,107475.89,0.60156
2025-06-29 00:59:00+00:00,107475.91,107475.92,107475.91,107475.92,0.5727
2025-06-29 00:58:00+00:00,107495.85,107495.85,107474.9,107475.91,3.13163
2025-06-29 00:57:00+00:00,107495.84,107495.85,107495.84,107495.85,1.18883
2025-06-29 00:56:00+00:00,107495.84,107495.85,107495.84,107495.84,4.25052
2025-06-29 00:55:00+00:00,107483.86,107495.85,107480.43,107495.84,7.97415
2025-06-29 00:54:00+00:00,107481.46,107486.96,107481.45,107483.86,3.31962
2025-06-29 00:53:00+00:00,107499.99,107500.0,107481.45,107481.46,2.28366
2025-06-29 00:52:00+00:00,107499.99,107500.0,107499.99,107500.0,4.61441
2025-06-29 00:51:00+00:00,107480.44,107500.0,107480.43,107500.0,25.6785
2025-06-29 00:50:00+00:00,107497.99,107498.0,107480.43,107480.44,2.41962
2025-06-29 00:49:00+00:00,107476.94,107498.0,107476.94,107497.99,9.96505
2025-06-29 00:48:00+00:00,107453.79,107476.95,107453.79,107476.94,7.20761
2025-06-29 00:47:00+00:00,107450.01,107453.8,107450.0,107453.8,1.85537
2025-06-29 00:46:00+00:00,107406.54,107450.01,107406.53,107450.01,10.6088
2025-06-29 00:45:00+00:00,107412.29,107412.3,107401.55,107406.54,18.45491
2025-06-29 00:44:00+00:00,107367.07,107413.7,107367.06,107412.29,6.38809
2025-06-29 00:43:00+00:00,107367.06,107367.07,107367.06,107367.07,0.4222
2025-06-29 00:42:00+00:00,107379.84,107379.85,107367.06,107367.07,0.6009
2025-06-29 00:41:00+00:00,107394.01,107394.01,107379.84,107379.85,0.99821
2025-06-29 00:40:00+00:00,107394.01,107394.01,107394.0,107394.0,0.31562
2025-06-29 00:39:00+00:00,107394.01,107394.01,107394.0,107394.0,2.95693
2025-06-29 00:38:00+00:00,107432.35,107432.36,107394.0,107394.01,3.36569
2025-06-29 00:37:00+00:00,107432.35,107432.36,107432.35,107432.36,1.38389
2025-06-29 00:36:00+00:00,107432.35,107432.36,107432.35,107432.36,1.45578
2025-06-29 00:35:00+00:00,107437.0,107437.01,107432.35,107432.36,1.01152
2025-06-29 00:34:00+00:00,107444.39,107444.4,107437.0,107437.0,3.13235
2025-06-29 00:33:00+00:00,107459.99,107460.0,107444.39,107444.4,1.96869
2025-06-29 00:32:00+00:00,107460.0,107460.0,107459.99,107459.99,0.70817
2025-06-29 00:31:00+00:00,107443.92,107460.0,107443.92,107459.99,1.03118
2025-06-29 00:30:00+00:00,107431.47,107443.93,107416.99,107443.92,7.45402
2025-06-29 00:29:00+00:00,107474.32,107474.32,107431.47,107431.48,7.28998
2025-06-29 00:28:00+00:00,107395.3,107475.75,107395.3,107474.31,13.986
2025-06-29 00:27:00+00:00,107395.29,107395.3,107395.29,107395.3,0.85345
2025-06-29 00:26:00+00:00,107350.52,107395.3,107350.52,107395.3,8.5524
2025-06-29 00:25:00+00:00,107343.56,107350.52,107343.56,107350.52,2.18271
2025-06-29 00:24:00+00:00,107343.56,107343.57,107343.56,107343.57,0.35756
2025-06-29 00:23:00+00:00,107350.52,107350.53,107343.56,107343.57,3.36677
2025-06-29 00:22:00+00:00,107330.69,107350.53,107330.69,107350.53,10.60362
2025-06-29 00:21:00+00:00,107323.1,107330.69,107323.1,107330.69,0.76721
2025-06-29 00:20:00+00:00,107262.52,107323.11,107262.52,107323.11,8.10237
2025-06-29 00:19:00+00:00,107262.52,107262.53,107262.52,107262.53,0.37281
2025-06-29 00:18:00+00:00,107262.52,107262.53,107262.52,107262.53,0.47656
2025-06-29 00:17:00+00:00,107262.53,107262.53,107262.52,107262.52,0.36859
2025-06-29 00:16:00+00:00,107262.52,107262.53,107262.52,107262.52,0.29177
2025-06-29 00:15:00+00:00,107262.52,107262.53,107262.52,107262.52,0.77012
2025-06-29 00:14:00+00:00,107262.22,107262.53,107262.22,107262.52,2.73487
2025-06-29 00:12:00+00:00,107262.23,107262.23,107262.22,107262.23,0.3767
2025-06-29 00:11:00+00:00,107264.67,107264.68,107262.22,107262.22,2.96249
2025-06-29 00:10:00+00:00,107264.68,107264.68,107264.67,107264.68,2.33378
2025-06-29 00:09:00+00:00,107254.17,107264.68,107254.17,107264.67,1.79401
2025-06-29 00:08:00+00:00,107254.16,107254.17,107254.16,107254.16,1.17224
2025-06-29 00:07:00+00:00,107285.45,107285.46,107254.16,107254.17,3.65594
2025-06-29 00:06:00+00:00,107285.46,107285.46,107285.45,107285.45,0.72861
2025-06-29 00:05:00+00:00,107285.45,107285.46,107285.45,107285.46,0.4065
2025-06-29 00:04:00+00:00,107296.78,107296.79,107285.45,107285.46,1.15702
2025-06-29 00:03:00+00:00,107296.78,107296.79,107296.78,107296.78,1.11601
2025-06-29 00:02:00+00:00,107296.79,107296.79,107296.78,107296.78,0.77795
2025-06-29 00:01:00+00:00,107296.79,107296.79,107296.78,107296.79,0.71274
2025-06-29 00:00:00+00:00,107296.79,107296.79,107296.78,107296.79,0.78857
2025-06-28 23:59:00+00:00,107296.78,107296.79,107296.78,107296.79,0.93548
2025-06-28 23:58:00+00:00,107296.79,107296.79,107296.78,107296.78,2.44942
2025-06-28 23:57:00+00:00,107304.31,107304.32,107296.78,107296.78,2.86365
2025-06-28 23:56:00+00:00,107304.32,107304.32,107304.31,107304.32,1.6841
2025-06-28 23:55:00+00:00,107304.31,107304.32,107304.31,107304.32,1.696
2025-06-28 23:54:00+00:00,107292.25,107304.32,107292.24,107304.31,0.92463
2025-06-28 23:53:00+00:00,107282.72,107292.25,107282.72,107292.24,0.51987
2025-06-28 23:52:00+00:00,107293.0,107293.0,107282.72,107282.73,3.95569
2025-06-28 23:51:00+00:00,107292.99,107293.0,107292.99,107292.99,0.55366
2025-06-28 23:50:00+00:00,107292.99,107293.0,107292.99,107293.0,0.54598
2025-06-28 23:49:00+00:00,107293.0,107293.0,107292.99,107293.0,0.35583
2025-06-28 23:48:00+00:00,107292.99,107293.0,107292.99,107292.99,1.8486
2025-06-28 23:47:00+00:00,107292.99,107293.0,107292.99,107293.0,0.32986
2025-06-28 23:46:00+00:00,107293.0,107293.0,107292.99,107293.0,1.35792
2025-06-28 23:45:00+00:00,107288.15,107293.0,107288.15,107292.99,0.90603
2025-06-28 23:44:00+00:00,107288.16,107288.16,107288.15,107288.16,0.78014
2025-06-28 23:43:00+00:00,107288.16,107288.16,107288.15,107288.16,0.3313
2025-06-28 23:42:00+00:00,107288.16,107288.16,107288.15,107288.16,0.83741
2025-06-28 23:41:00+00:00,107288.15,107288.16,107288.15,107288.16,0.36535
2025-06-28 23:40:00+00:00,107288.15,107288.16,107288.15,107288.16,1.2109
2025-06-28 23:39:00+00:00,107288.16,107288.16,107288.15,107288.15,0.66192
2025-06-28 23:38:00+00:00,107288.15,107288.16,107288.15,107288.16,0.64918
2025-06-28 23:37:00+00:00,107300.72,107300.72,107288.15,107288.15,1.88338
2025-06-28 23:36:00+00:00,107300.72,107300.72,107300.71,107300.72,0.70827
2025-06-28 23:35:00+00:00,107300.72,107300.72,107300.71,107300.71,1.04476
2025-06-28 23:34:00+00:00,107300.71,107300.72,107300.71,107300.71,0.92824
2025-06-28 23:33:00+00:00,107313.0,107313.01,107300.71,107300.71,2.66962
2025-06-28 23:32:00+00:00,107313.0,107313.01,107313.0,107313.0,0.43154
2025-06-28 23:31:00+00:00,107313.0,107313.01,107313.0,107313.0,0.37216
2025-06-28 23:30:00+00:00,107313.0,107313.01,107313.0,107313.0,2.126
2025-06-28 23:29:00+00:00,107313.51,107313.51,107313.0,107313.01,0.58476
2025-06-28 23:28:00+00:00,107315.45,107315.46,107313.5,107313.51,0.57286
2025-06-28 23:27:00+00:00,107315.46,107315.46,107315.45,107315.46,0.62563
2025-06-28 23:26:00+00:00,107317.81,107317.82,107315.45,107315.45,1.02665
2025-06-28 23:25:00+00:00,107316.04,107317.82,107316.04,107317.81,5.19879
2025-06-28 23:24:00+00:00,107316.04,107316.05,107316.04,107316.04,0.29095
2025-06-28 23:23:00+00:00,107321.55,107321.55,107316.04,107316.05,4.07434
2025-06-28 23:22:00+00:00,107324.0,107324.01,107321.54,107321.54,2.08919
2025-06-28 23:21:00+00:00,107328.22,107328.22,107324.0,107324.0,0.57008
2025-06-28 23:20:00+00:00,107328.22,107328.22,107328.21,107328.22,0.61681
2025-06-28 23:19:00+00:00,107331.1,107331.1,107328.21,107328.22,0.468
2025-06-28 23:18:00+00:00,107331.1,107331.1,107331.09,107331.09,0.55761
2025-06-28 23:17:00+00:00,107331.1,107331.1,107331.09,107331.09,0.36767
2025-06-28 23:16:00+00:00,107331.09,107331.1,107331.09,107331.1,0.2998
2025-06-28 23:15:00+00:00,107334.18,107334.18,107331.09,107331.1,1.71667
2025-06-28 23:14:00+00:00,107339.38,107339.38,107334.17,107334.17,1.54938
2025-06-28 23:13:00+00:00,107339.38,107339.39,107339.38,107339.38,0.33041
2025-06-28 23:12:00+00:00,107339.38,107339.39,107339.38,107339.39,2.77588
2025-06-28 23:11:00+00:00,107337.48,107339.39,107337.47,107339.38,1.33849
2025-06-28 23:10:00+00:00,107337.48,107337.48,107337.47,107337.48,0.65213
2025-06-28 23:09:00+00:00,107337.47,107337.48,107337.47,107337.47,0.48159
2025-06-28 23:08:00+00:00,107337.48,107337.48,107337.47,107337.47,1.08066
2025-06-28 23:07:00+00:00,107346.99,107347.0,107337.47,107337.47,1.0953
2025-06-28 23:06:00+00:00,107346.99,107347.0,107346.99,107347.0,0.35703
2025-06-28 23:05:00+00:00,107347.0,107347.0,107346.99,107346.99,0.81765
2025-06-28 23:04:00+00:00,107342.47,107347.0,107342.47,107347.0,3.6472
2025-06-28 23:03:00+00:00,107358.39,107358.4,107342.47,107342.47,2.77895
2025-06-28 23:02:00+00:00,107370.62,107370.62,107358.39,107358.39,1.79778
2025-06-28 23:01:00+00:00,107370.62,107370.62,107370.61,107370.61,0.91124
2025-06-28 23:00:00+00:00,107370.61,107370.62,107370.61,107370.62,0.46429
2025-06-28 22:59:00+00:00,107370.62,107370.62,107370.61,107370.61,0.41779
2025-06-28 22:58:00+00:00,107373.3,107373.31,107370.61,107370.61,0.17165
2025-06-28 22:57:00+00:00,107377.33,107377.34,107373.3,107373.31,0.33177
2025-06-28 22:56:00+00:00,107378.36,107378.37,107377.33,107377.33,1.24744
2025-06-28 22:55:00+00:00,107351.79,107378.37,107347.5,107378.36,11.79429
2025-06-28 22:54:00+00:00,107354.56,107354.57,107351.79,107351.8,0.85722
2025-06-28 22:53:00+00:00,107365.51,107365.51,107354.56,107354.56,0.79669
2025-06-28 22:52:00+00:00,107352.36,107365.51,107352.35,107365.5,3.76873
2025-06-28 22:51:00+00:00,107353.44,107353.45,107352.35,107352.36,2.82684
2025-06-28 22:50:00+00:00,107354.04,107354.05,107353.44,107353.44,2.09072
2025-06-28 22:49:00+00:00,107365.86,107365.87,107354.04,107354.04,1.38088
2025-06-28 22:48:00+00:00,107351.54,107365.87,107351.54,107365.86,1.87458
2025-06-28 22:47:00+00:00,107351.55,107351.55,107351.54,107351.55,1.00088
2025-06-28 22:46:00+00:00,107369.68,107369.68,107351.54,107351.54,6.99655
2025-06-28 22:45:00+00:00,107369.67,107369.68,107369.67,107369.68,1.20258
2025-06-28 22:44:00+00:00,107369.67,107369.68,107369.67,107369.67,0.46625
2025-06-28 22:43:00+00:00,107361.5,107369.68,107361.49,107369.68,1.84352
2025-06-28 22:42:00+00:00,107339.99,107361.5,107339.99,107361.49,3.36804
2025-06-28 22:41:00+00:00,107331.09,107340.0,107331.09,107339.99,2.14046
2025-06-28 22:40:00+00:00,107331.09,107331.1,107331.09,107331.1,0.26595
2025-06-28 22:39:00+00:00,107331.1,107331.1,107331.09,107331.1,0.99363
2025-06-28 22:38:00+00:00,107331.09,107331.1,107331.09,107331.09,0.32293
2025-06-28 22:37:00+00:00,107320.82,107331.1,107320.81,107331.09,6.43935
2025-06-28 22:36:00+00:00,107324.33,107324.34,107320.81,107320.81,1.12502
2025-06-28 22:35:00+00:00,107317.39,107324.34,107317.39,107324.33,1.40494
2025-06-28 22:34:00+00:00,107300.46,107317.4,107290.0,107317.4,5.06021
2025-06-28 22:33:00+00:00,107300.46,107300.47,107300.46,107300.47,0.33161
2025-06-28 22:32:00+00:00,107300.46,107300.47,107300.46,107300.46,0.41177
2025-06-28 22:31:00+00:00,107300.47,107300.47,107300.46,107300.46,0.57295
2025-06-28 22:30:00+00:00,107300.46,107300.47,107300.46,107300.46,0.56785
2025-06-28 22:29:00+00:00,107300.47,107300.47,107300.46,107300.46,0.548
2025-06-28 22:28:00+00:00,107300.46,107300.47,107300.46,107300.46,0.42341
2025-06-28 22:27:00+00:00,107300.47,107300.47,107300.46,107300.47,1.63999
2025-06-28 22:26:00+00:00,107296.17,107306.9,107296.16,107300.46,3.97507
2025-06-28 22:25:00+00:00,107305.81,107305.82,107296.16,107296.16,5.21485
2025-06-28 22:24:00+00:00,107305.82,107305.82,107305.81,107305.82,0.81028
2025-06-28 22:23:00+00:00,107295.5,107305.82,107295.5,107305.82,2.25761
2025-06-28 22:22:00+00:00,107285.08,107295.99,107285.07,107295.51,1.3967
2025-06-28 22:21:00+00:00,107280.86,107285.08,107280.86,107285.08,1.0622
2025-06-28 22:20:00+00:00,107280.86,107280.87,107280.86,107280.86,0.29694
2025-06-28 22:19:00+00:00,107300.0,107300.0,107280.86,107280.86,4.21629
2025-06-28 22:18:00+00:00,107291.13,107300.0,107291.13,107299.99,0.49258
2025-06-28 22:17:00+00:00,107268.31,107291.13,107268.3,107291.12,2.23351
2025-06-28 22:12:00+00:00,107275.0,107275.01,107275.0,107275.01,2.99304
2025-06-28 22:11:00+00:00,107301.3,107301.3,107275.0,107275.0,5.43184
2025-06-28 22:10:00+00:00,107339.99,107340.0,107301.3,107301.3,4.84687
2025-06-28 22:09:00+00:00,107340.0,107340.0,107339.99,107340.0,0.79299
2025-06-28 22:08:00+00:00,107340.0,107340.0,107339.99,107340.0,0.38502
2025-06-28 22:07:00+00:00,107342.95,107351.38,107333.06,107339.99,1.48445
2025-06-28 22:06:00+00:00,107324.01,107342.95,107317.39,107342.94,5.78464
2025-06-28 22:05:00+00:00,107365.49,107365.5,107324.0,107324.0,1.38409
2025-06-28 22:04:00+00:00,107354.87,107369.0,107354.87,107365.5,0.82937
2025-06-28 22:03:00+00:00,107329.21,107360.51,107329.21,107354.87,1.75049
2025-06-28 22:02:00+00:00,107338.14,107373.53,107328.04,107329.22,5.26206
2025-06-28 22:01:00+00:00,107345.83,107345.83,107335.69,107338.14,2.12321
2025-06-28 22:00:00+00:00,107331.37,107345.84,107331.37,107345.84,2.13358
2025-06-28 21:59:00+00:00,107312.93,107347.65,107312.93,107331.38,4.86394
2025-06-28 21:58:00+00:00,107312.93,107312.94,107312.93,107312.93,0.25559
2025-06-28 21:57:00+00:00,107312.93,107312.94,107312.93,107312.93,0.46291
2025-06-28 21:56:00+00:00,107312.94,107312.94,107312.93,107312.94,0.35287
2025-06-28 21:55:00+00:00,107312.94,107312.94,107312.93,107312.93,0.52313
2025-06-28 21:54:00+00:00,107298.4,107312.94,107298.4,107312.94,1.04965
2025-06-28 21:53:00+00:00,107282.5,107298.41,107282.49,107298.41,0.65015
2025-06-28 21:52:00+00:00,107273.38,107282.5,107273.38,107282.49,1.24813
2025-06-28 21:51:00+00:00,107265.0,107273.39,107264.99,107273.39,1.22267
2025-06-28 21:50:00+00:00,107235.83,107265.0,107235.83,107264.99,1.75904
2025-06-28 21:49:00+00:00,107239.5,107239.51,107235.83,107235.83,0.63756
2025-06-28 21:48:00+00:00,107239.51,107239.51,107239.5,107239.5,0.39358
2025-06-28 21:47:00+00:00,107246.77,107246.77,107239.5,107239.5,1.8004
2025-06-28 21:46:00+00:00,107271.24,107271.25,107246.76,107246.76,1.31053
2025-06-28 21:45:00+00:00,107271.25,107271.25,107271.24,107271.24,1.26867
2025-06-28 21:44:00+00:00,107262.36,107271.25,107262.35,107271.25,3.50325
2025-06-28 21:43:00+00:00,107271.87,107271.87,107262.35,107262.36,3.77649
2025-06-28 21:42:00+00:00,107271.86,107271.87,107271.86,107271.86,0.58445
2025-06-28 21:41:00+00:00,107271.86,107271.87,107271.86,107271.86,0.7486
2025-06-28 21:40:00+00:00,107272.73,107272.74,107271.86,107271.86,1.2843
2025-06-28 21:39:00+00:00,107286.7,107286.7,107272.73,107272.73,1.19261
2025-06-28 21:38:00+00:00,107286.7,107286.7,107286.69,107286.69,0.30692
2025-06-28 21:37:00+00:00,107286.7,107286.7,107286.69,107286.69,0.48837
2025-06-28 21:36:00+00:00,107286.69,107286.7,107286.69,107286.7,0.44414
2025-06-28 21:35:00+00:00,107283.9,107286.7,107283.89,107286.7,2.98988
2025-06-28 21:34:00+00:00,107300.0,107300.0,107283.89,107283.9,4.55467
2025-06-28 21:33:00+00:00,107299.99,107300.0,107299.99,107300.0,1.80955
2025-06-28 21:32:00+00:00,107295.55,107300.0,107295.55,107299.99,2.06363
2025-06-28 21:31:00+00:00,107255.61,107296.44,107255.61,107295.56,6.38987
2025-06-28 21:30:00+00:00,107255.62,107255.62,107255.61,107255.61,0.28179
2025-06-28 21:29:00+00:00,107255.62,107255.62,107255.61,107255.61,0.35933
2025-06-28 21:28:00+00:00,107255.62,107255.62,107255.61,107255.62,0.28134
2025-06-28 21:27:00+00:00,107255.61,107255.62,107255.61,107255.62,0.34867
2025-06-28 21:26:00+00:00,107237.0,107255.62,107237.0,107255.62,1.07477
2025-06-28 21:25:00+00:00,107214.0,107237.0,107214.0,107236.99,2.20465
2025-06-28 21:24:00+00:00,107213.99,107214.0,107213.99,107214.0,0.45966
2025-06-28 21:23:00+00:00,107214.0,107214.0,107213.99,107213.99,0.52213
2025-06-28 21:22:00+00:00,107213.99,107214.0,107213.99,107214.0,0.48323
2025-06-28 21:21:00+00:00,107213.99,107214.0,107213.99,107214.0,1.96257
2025-06-28 21:20:00+00:00,107214.0,107214.0,107213.99,107214.0,0.61021
2025-06-28 21:19:00+00:00,107213.99,107214.0,107213.99,107214.0,0.66147
2025-06-28 21:16:00+00:00,107200.22,107209.6,107200.21,107209.59,1.21167
2025-06-28 21:15:00+00:00,107194.0,107200.22,107194.0,107200.22,1.78364
2025-06-28 21:14:00+00:00,107219.99,107220.0,107194.0,107194.0,7.6993
2025-06-28 21:13:00+00:00,107220.0,107220.0,107219.99,107220.0,1.46655
2025-06-28 21:12:00+00:00,107220.0,107220.0,107219.99,107219.99,0.27066
2025-06-28 21:11:00+00:00,107219.99,107220.0,107219.99,107220.0,0.49351
2025-06-28 21:10:00+00:00,107219.99,107220.0,107219.99,107219.99,0.31372
2025-06-28 21:09:00+00:00,107216.09,107220.0,107216.08,107219.99,0.42303
2025-06-28 21:08:00+00:00,107216.08,107216.09,107216.08,107216.09,0.3923
2025-06-28 21:07:00+00:00,107197.99,107216.09,107197.99,107216.08,1.51133
2025-06-28 21:05:00+00:00,107177.88,107190.57,107177.87,107190.57,2.31579
2025-06-28 21:04:00+00:00,107177.87,107177.88,107177.87,107177.87,0.22408
2025-06-28 21:03:00+00:00,107169.52,107177.88,107169.52,107177.88,1.90769
2025-06-28 21:02:00+00:00,107169.53,107169.53,107169.52,107169.52,1.41207
2025-06-28 21:01:00+00:00,107169.53,107169.53,107169.52,107169.53,0.44466
2025-06-28 21:00:00+00:00,107169.52,107169.53,107169.52,107169.52,0.45844
2025-06-28 20:59:00+00:00,107203.7,107203.71,107169.52,107169.52,6.80047
2025-06-28 20:56:00+00:00,107203.71,107203.71,107203.7,107203.7,0.22022
2025-06-28 20:55:00+00:00,107203.7,107203.71,107203.7,107203.71,0.98442
2025-06-28 20:54:00+00:00,107203.71,107203.71,107203.7,107203.71,0.30369
2025-06-28 20:53:00+00:00,107203.71,107203.71,107203.7,107203.71,0.30821
